"%1$s on %2$s with %3$s!";"%S %s %1$2$3$s!"
"(optional)";"(isteğe bağlı)"
"1 Day Before Appointment";"1 Gün Önce Randevu "
"1 Hour Before Appointment";"1 Saat Önce Randevu "
"1 Week Before Appointment";"1 Hafta Önce Randevu "
"1 day before";"1 gün önce"
"1 hr before";"1 önce ik "
"1 week before";"1 hafta önce"
"12 Hour";"12 Saat"
"12 Hours Before Appointment";"12 Saat Önce Randevu "
"2 Hours Before Appointment";"2 Saat Önce Randevu"
"2 hr before";"2 önce ik "
"24 Hour";"24 Saat"
"30 min before";"30 dakika önce"
"6 Hours Before Appointment";"6 Saat Önce Randevu "
"A default notification is set to be sent 1hr before the appointment. Please adjust it below as per your requirements.";"Varsayılan bir bildirim 1saat randevu önce gönderilmesi için ayarlanmış. Lütfen gereksinimlerinize göre aşağıda ayarlayın."
"A default notification is set to be sent 1hr before the appointment. Please adjust it below the appointment. Please adjust it below as per your requirements.";"Varsayılan bir bildirim 1saat randevu önce gönderilmesi için ayarlanmış. Lütfen randevu aşağıya ayarlayın. Lütfen gereksinimlerinize göre aşağıda ayarlayın."
"Action";"Eylem"
"Active";"Aktif"
"Add";"Ekle"
"Add Break";"Sonu Ekleme "
"Add Date Break";"Tarih Sonu Ekleme "
"Add New Category";"Yeni Kategori Ekle "
"Add New Service";"Yeni Hizmet Ekle "
"Add new customer";"Yeni müşteri Ekle "
"Address";"Adres"
"Afternoon";"Öğleden sonra"
"All";"Tüm"
"All Categories";"Tüm Kategoriler"
"All Providers";"Tüm Sağlayıcılar"
"All Services";"Tüm Hizmetler"
"All provider";"Tüm sağlayıcısı"
"All provider *";"Tüm sağlayıcısı *"
"Always";"Her zaman"
"An error occurred during process. Please try again later.";"Bir hata işlemi sırasında bir hata oluştu. Lütfen daha sonra tekrar deneyin."
"An error occurred while saving. Please try again later.";"Kaydedilirken bir hata oluştu. Lütfen daha sonra tekrar deneyin."
"An error occurred, unable to find the option.";"Bir hata oluştu, bu seçenek bulamadı."
"Appointment";"Randevu"
"Appointment Lists";"Randevu Listeler"
"Appointment Widget Code";"Randevu Widget Kodu"
"Appointment reminder";"Randevu hatırlatma"
"Appointment successfully deleted.";"Randevu başarıyla silindi."
"Appointment taken by someone else!";"Randevu başkası tarafından alınmış!"
"Appointments";"Randevu"
"Appointments Notifications";"Randevu Bildirimleri"
"Apr";"Nisan"
"April";"Nisan"
"Are you sure you want to cancel this appointment?";"Bu randevuyu iptal etmek istediğinizden emin misiniz?"
"Assign locations";"Atama yerleri"
"Assign services";"Atama hizmetleri"
"Aug";"Ağustos"
"August";"Ağustos"
"BOOK APPOINTMENT";"Kitap randevu"
"Below please find your booking details";"Lütfen aşağıdaki rezervasyon bilgileri bul "
"Book An Appointment";"Randevu almalısınız"
"Book Appointment";"Kitap randevu"
"Book an appointment";"Randevu almalısınız"
"Book appointment";"Kitap randevu"
"Booked";"Rezervasyonu"
"Booked On";"Rezervasyon Üzerine"
"Booking Icon";"Rezervasyon simgesi"
"Booking Notes";"Rezervasyon Notlar"
"Booking Notes:";"Rezervasyon Notlar:"
"Booking icon";"Rezervasyon simgesi"
"Buffer Time (min)";"(Dk)tampon Zamanı "
"Buffer Time(Min)";"(Dk)Tampon Zamanı"
"CREATE A NEW CATEGORY";"Yeni bir kategori oluştur "
"CREATE A NEW LOCATION";"Yeni bir konum oluşturmak "
"CREATE NEW CUSTOMER";"YENİ MÜŞTERİ OLUŞTURMAK "
"Calendar";"Takvim"
"Calendar URL";"Takvim URL"
"Cancel";"İptal"
"Cancellation Criteria";"İptal Kriterleri"
"Cancellation Policy";"İptal Politikası"
"Cancelled";"İptal"
"Cancelled by Customer";"Müşteri tarafından iptal edildi "
"Cancelled by Provider";"Sağlayıcı tarafından iptal edildi "
"Categories";"Kategori"
"Category";"Kategori"
"Category successfully deleted.";"Kategori başarıyla silindi."
"Choose Category";"Kategori Seçin "
"Choose Location";"Konum Seçin "
"Choose Provider";"Sağlayıcı Seçin "
"Choose Service";"Hizmet Seçin "
"Choose a Date and Time";"Tarih ve Saati seçin. "
"Client";"Müşteri"
"Comments:";"Yorum:"
"Completed";"Tamamlandı"
"Confirm";"Onaylamak"
"Confirm cancel";"İptal onaylamak "
"Confirm your information";"bilgilerinizi onaylayın "
"Confirmation";"Onay"
"Confirmation & Cancellation Emails";"Onay Ve İptal E-Posta"
"Confirmation Email";"Onay E-Posta"
"Cover Image";"Kapak resim"
"Cover image";"Kapak resim"
"Create a new category";"Yeni bir kategori oluştur "
"Create a new location";"Yeni bir konum oluşturmak "
"Create a new provider";"Yeni bir sağlayıcı oluşturma "
"Create a new service";"Yeni bir hizmet oluşturma "
"Customer";"Müşteri"
"Customer registered successfully";"Müşteri başarıyla kayıtlı "
"Customer successfully deleted.";"Müşteri başarıyla silindi."
"Date";"Tarih"
"Date & Time";"Tarih Ve Saat"
"Date Format";"Tarih Biçimi "
"Date breaks";"Tarih sonları"
"Day breaks";"Gün sonu"
"Days";"Gün"
"Dec";"Aralık"
"December";"Aralık"
"Default location";"Varsayılan konumu"
"Delete";"Sil"
"Design";"Tasarım"
"Do you want to book another appointment ?";"Başka bir randevu ister misiniz ?"
"Done";"Yapılan"
"Duration";"Süresi"
"Edit - ";"Düzenle - "
"Edit the options";"seçenekleri Düzenle "
"Edit timings";"Edit zamanlamaları"
"Email";"E-posta"
"Email Address";"E-Posta Adresi"
"End Time";"Bitiş Saati"
"End Time:";"Bitiş Saati:"
"End time";"Bitiş Saati"
"Enter Your Email";"E-Posta Adresinizi Girin "
"Enter Your Name";"Adınızı Girin "
"Enter Your Number!";"Numaranızı Girin!"
"Evening";"Akşam"
"Feb";"Şubat"
"February";"Şubat"
"First";"İlk"
"First name";"İlk isim"
"Fri";"Cum"
"Friday";"Cuma"
"Hello";"Merhaba"
"Info";"Bilgi"
"Integrations";"Entegrasyonlar"
"Internal Notes:";"İç Notlar:"
"Jan";"Ocak"
"January";"Ocak"
"Jul";"Temmuz"
"July";"Temmuz"
"Jun";"Haziran"
"June";"Haziran"
"Last";"Son"
"Last name";"Soyadı"
"Load Calendar";"Yük Takvim"
"Load calendar";"Yük Takvim"
"Location";"Konum"
"Locations";"Yerleri"
"MANAGE CATEGORIES";"Kategorileri Yönet"
"MANAGE LOCATIONS";"Yönetmek yerleri"
"MANAGE PROVIDERS";"Yönetmek sağlayıcıları"
"MANAGE SERVICES";"Hizmetlerini yönetmek "
"Manage categories";"Kategorileri Yönet"
"Manage locations";"Yönetmek yerleri"
"Manage providers";"Yönetmek sağlayıcıları"
"Manage services";"Hizmetlerini yönetmek "
"Mar";"Mart"
"March";"Mart"
"May";"Mayıs"
"Min";"Dk"
"Miss";"Özledim"
"Mobile";"Mobil"
"Mobile Number";"Cep Telefonu Numarası"
"Mon";"Mon"
"Monday";"Pazartesi"
"Morning";"Sabah"
"Mr";"Bay"
"Mrs";"Bayan"
"NO";"HAYIR"
"Name";"Adı"
"New Calendar Event";"Yeni Takvim Etkinliği"
"Next";"Sonraki"
"No appointments booked!";"Bir randevu ayarladım."
"No data available in table";"Tabloda veri mevcut değil "
"No matching records found";"Eşleşen kayıt bulundu"
"No recods founds!";"Hayır recods kurar."
"No service available";"Şebeke yok."
"Not a valid email!";"Geçerli bir e-posta!"
"Note:";"Not:"
"Notification";"Bildirim"
"Notification Icon";"Bildirim simgesi"
"Notification Time not present";"Bildirim Süresi mevcut değil "
"Notification icon";"Bildirim simgesi"
"Nov";"Kasım"
"November";"Kasım"
"OK";"Tamam"
"Oct";"Ekim"
"October";"Ekim"
"Operation performed successfully";"Operasyon başarıyla yapıldı "
"Options";"Seçenekleri"
"Password";"Şifre"
"Phone No.";"Telefon Yok."
"Phone No:";"Telefon No:"
"Phone no not less that 10 char.";"10 daha az char Telefonu Yok."
"Phone no not more than 12 char.";"12'den fazla char Telefonu Yok."
"Please accept this friendly reminder for your appointment";"Lütfen randevu için bu dostça bir hatırlatma kabul edin "
"Please enter a valid email address";"Lütfen geçerli bir e-posta adresini girin "
"Please enter valid number";"Lütfen geçerli bir numara girin "
"Please fill in the following fields:";"Aşağıdaki alanları doldurun:"
"Please read our cancellation policy";"Lütfen iptal politikamızı okuyunuz "
"Please select a location";"Lütfen bir yer seçin "
"Please select a provider";"Lütfen bir sağlayıcı seçin "
"Please select provider";"Sağlayıcı seçin lütfen "
"Please select service";"Servis seç lütfen "
"Please select user";"Kullanıcı seç lütfen "
"Previous";"Önceki"
"Price";"Fiyat"
"Price Hide";"Fiyatı Gizle"
"Profile Image";"Profil Resim"
"Provider";"Sağlayıcı"
"Provider Name";"Sağlayıcı Adı"
"Provider Timing successfully deleted.";"Sağlayıcı Zamanlama başarıyla silindi."
"Provider successfully deleted.";"Sağlayıcı başarıyla silindi."
"Providers";"Sağlayıcıları"
"Regards";"Saygılar"
"Reminder Email";"Hatırlatma E-Posta"
"Request date have no availability!";"İstek tarihi bir fırsat var!"
"Required fields";"Gerekli alanlar"
"Required!";"Gerekli!"
"Sat";"Oturdu"
"Saturday";"Cumartesi"
"Save";"Kaydet"
"Search ...";"Arama ..."
"Search:";"Arama:"
"Select Day";"Seçin Gün"
"Select End Time";"Bitiş Saati Seçin"
"Select Provider";"Sağlayıcı Seçin"
"Select Start Time";"Başlat Zaman"
"Select a location";"Bir konum seçin "
"Select a provider";"Bir sağlayıcı seçin "
"Select day";"Seçin Gün"
"Sep";"Eylül"
"September";"Eylül"
"Service";"Hizmet"
"Service Location successfully deleted.";"Hizmet Konumu başarıyla silindi."
"Service Name";"Hizmet Adı"
"Service Provider Timing successfully deleted.";"Servis Sağlayıcı Zamanlama başarıyla silindi."
"Service Time";"Hizmet Süresi"
"Service Time (min)";"(Dk)hizmet Süresi "
"Service Time(Min)";"(Dk)Hizmet Süresi"
"Service successfully deleted.";"Hizmet başarıyla silindi."
"Service time";"Hizmet Süresi"
"Service:";"Hizmet:"
"Services";"Hizmetleri"
"Set Your Bussiness Hours";"İş Saatlerinizi Ayarlayın "
"Settings";"Ayarları"
"Showing";"Gösterilen"
"Showing _START_ to _END_ of _TOTAL_ entries";"_TOTAL_ bu _END_ için _START_ gösteren girişleri"
"Something went wrong";"Bir şeyler ters gitti "
"Sorry you are not allowed to access the page!";"Özür dilerim sayfaya erişmek için izniniz yok!"
"Start Time";"Start Time "
"Start Time:";"Başlangıç Saati:"
"Start time";"Start Time "
"Status";"Durumu"
"Store";"Mağaza"
"Store Owner";"Mağaza Sahibi"
"Store Owner E-mail";"Mağaza Sahibi E-posta"
"Submit";"Gönder"
"Sun";"Güneş"
"Sunday";"Pazar"
"Telephone Number";"Telefon Numarası"
"Tell us your name";"Bize adını söyle "
"Thank You";"Teşekkürler "
"Thank You!";"Teşekkür Ederim!"
"The Appointment you are trying to edit doesn't exists.";"Düzenlemeye çalıştığınız Randevu yok."
"The Category you are trying to edit doesn't exists.";"Düzenlemek istediğiniz Kategori yok."
"The Customer you are trying to edit doesn't exists.";"Düzenlemeye çalıştığınız Müşteri yok."
"The Location you are trying to edit doesn't exists.";"Düzenlemeye çalıştığınız Yeri yok."
"The Provider Timing you are trying to edit doesn't exists.";"Düzenlemek için çalışıyorsunuz Sağlayıcı Zamanlama yok."
"The Provider you are trying to edit doesn't exists.";"Düzenlemek için çalışıyorsunuz Sağlayıcı yok."
"The Service Location you are trying to edit doesn't exists.";"Düzenlemek için çalışıyorsunuz Servis Yeri yok."
"The Service you are trying to edit doesn't exists.";"Düzenlemek için çalışıyorsunuz Hizmeti yok."
"The date you are looking for is invalid!";"Aradığınız tarihi geçersiz."
"The following booking has been cancelled";"Aşağıdaki rezervasyon iptal edildi "
"The following booking has been made";"Aşağıdaki rezervasyon yapıldı "
"The requested date has no availability!";"İstenen tarihi bir fırsat var!"
"There was an error while processing the request please try again later!";"İstek lütfen daha sonra tekrar deneyin işlenirken bir hata oluştu!"
"This category belongs to existing services, please remove them first.";"Bu kategori mevcut hizmetlerine ait, ilk önce onları kaldırın lütfen."
"This location belongs to existing services, please remove them first.";"Bu konum mevcut hizmetlerine ait, ilk önce onları kaldırın lütfen."
"This message was sent to";"Bu ileti gönderildi "
"Thu";"Prş"
"Thursday";"Perşembe"
"Time";"Zaman"
"Time Format";"Saat Biçimi"
"Time before appointment:";"Randevu önce süresi:"
"Timings";"Zamanlamaları"
"Title";"Başlık"
"Today";"bugün"
"Tue";"Sal"
"Tuesday";"Salı"
"Upload file";"Dosya Upload"
"View Booked Appointments";"Görünüm Rezervasyonu Randevular"
"View booked appointments";"Görünüm Rezervasyonu Randevular"
"Void";"Geçersiz"
"Warning";"Uyarı"
"We are sorry but the %s account is already linked to one of our customers";"Üzgünüz ama %s hesap zaten müşterilerimiz birini bağlanır "
"Wed";"Evlenmek"
"Wednesday";"Çarşamba"
"Working";"Çalışma"
"YES";"EVET"
"You'll be notified 1 day before the appointment.";"1 gün randevu önce haberdar olacaksınız."
"You'll be notified 1 week before the appointment.";"1 hafta önce randevu bilgilendirileceksiniz."
"You'll be notified 1hr before the appointment.";"1saat randevu önce haberdar olacaksınız."
"You'll be notified 2hr before the appointment.";"2saat randevu önce haberdar olacaksınız."
"You'll be notified 30 min before the appointment.";"30 dakika randevu önce haberdar olacaksınız."
"Your Information";"Bilgilerinizi "
"Your booking with %s has been cancelled";"Rezervasyon %s iptal edildi "
"Your booking with %s!";"%S ile rezervasyon!"
"confirm ";"onaylamak "
"confirm your information";"bilgilerinizi onaylayın "
"edit the options";"seçenekleri Düzenle "
"entries";"girişleri"
"min";"dk"
"mobile_number";"mobile_number"
"of";"biri"
"the email address";"e-posta adresi"
"the first name";"ilk isim"
"the gender";"cinsiyeti"
"the last name";"soyadı"
"the password";"parola"
"to";"için"
"today";"bugün"
"with";"ile"
