"%s / Month";"%s / Month"
"%s / Year";"%s / Yıl"
"%s An unknown error occurred, please try again later.";"%s Bilinmeyen bir hata oluştu, lütfen daha sonra tekrar deneyin."
"%s Image";"%s görseli"
"%s Images";"%s görselleri"
"%s ago";"%s önce"
"%s, No params sent.";"%s, parametre gönderilmedi."
"(DEMO)";"(DEMO)"
"10 seconds";"10 saniye"
"15 seconds";"15 saniye"
"20 seconds";"20 saniye"
"2Checkout";"2Checkout"
"30 seconds";"30 saniye"
"404, page not found";"404, sayfa bulunamadı"
"A step requires at least a title and a text.";"Bir adım en az bir başlık ve bir metin gerektirir."
"API";"API"
"APIs";"API ler"
"APK Generator Service";"Kuru temizleme Jeneratör Servisi"
"APK Generator advanced settings";"Kuru temizleme Jeneratör gelişmiş ayarlar"
"APK Generator for builds from the Editor (Local or Service)";"İçin Kuru Temizleme Jeneratör (Yerel veya Hizmet)Editör oluşturur "
"Access Management";"Erişim yönetimi"
"Account";"Hesap"
"Accounts";"Hesaplar"
"Acl";"Acl"
"Actions";"Eylemler"
"Activate";"Aktive et"
"Activity";"Etkinliği"
"AdMob Banner ID";"Almasıyla Banner KİMLİĞİ"
"AdMob Interstitial ID";"Almasıyla İnterstisyel KİMLİĞİ"
"Add";"Ekle"
"Add Image";"Görsel ekle"
"Add a";"Ekle"
"Add a page";"Sayfa ekle"
"Add a picture";"Resim ekle"
"Add content";"İçerik ekle"
"Add extension";"Uzantı Ekle "
"Add feature";"Özellik ekle"
"Add image";"Resim ekle"
"Add new upload extensions.";"Yeni upload uzantıları ekleyin."
"Address";"Adres"
"Address (more)";"Adres (daha fazla)"
"Addresses";"Adresleri"
"Admin";"Admin"
"Admin panel type";"Admin panel türü"
"Admob Banner ID";"Admob Banner Kimliği"
"Admob Interstitial ID";"Admob Interstitial Kimliği"
"Advanced options";"Gelişmiş ayarlar"
"After validating, you will be redirected to the 2Checkout checkout page.";"Doğrulama işleminden sonra 2Checkout ödeme sayfasına yönlendirilirsiniz."
"After validating, you will be redirected to the PayPal checkout page.";"Doğrulama işleminden sonra PayPal ödeme sayfasına yönlendirileceksiniz."
"Alert: The SSL Certificate %s automatic renewal failed.";"Uyarı: SSL Sertifika %s otomatik yenileme başarısız oldu."
"Alignment";"Hizalama"
"All data";"Tüm veri"
"All items";"Tüm ögeler"
"All user list";"Tüm kullanıcı listesi"
"Allow users to export features";"Kullanıcı özellikleri vermek için izin ver "
"Allow users to import features";"Kullanıcı özellikleri almak için izin verir "
"Allowed upload extensions.";"İzin yükle uzantıları."
"An error occurred during process. Please try again later.";"İşlemi sırasında bir hata oluştu. Daha sonra tekrar deneyiniz."
"An error occurred during process.<br />Please try again later.";"İşlem sırasında bir hata oluştu. <br /> Lütfen daha sonra tekrar deneyin."
"An error occurred during the process. Please try again later.";"İşlemi sırasında bir hata oluştu. Daha sonra tekrar deneyiniz."
"An error occurred while editing your invoice : can't find order";"Faturanızı düzenlerken bir hata oluştu: Sipariş bulunamıyor"
"An error occurred while loading places.";"Yerleri yüklerken bir hata oluştu."
"An error occurred while loading. Please try again later.";"Yüklenirken bir hata oluştu. Daha sonra tekrar deneyiniz."
"An error occurred while loading. Please, try again later.";"Yüklenirken bir hata oluştu. Daha sonra tekrar deneyin."
"An error occurred while processing your payment.";"Ödemeniz gerçekleştirilirken bir hata oluştu."
"An error occurred while saving";"Kaydedilirken bir hata oluştu"
"An error occurred while saving your account. Please try again later.";"Hesabınızı kaydedilirken bir hata oluştu. Daha sonra tekrar deneyiniz."
"An error occurred while saving your picture. Please try again later.";"Resminizi kaydederken bir hata oluştu. Lütfen daha sonra tekrar deneyiniz."
"An error occurred while saving your picture. Please try againg later.";"Resminiz kaydedilirken bir hata oluştu. Daha sonra tekrar deneyiniz."
"An error occurred while saving. Please try again later.";"Kaydedilirken bir hata oluştu. Daha sonra tekrar deneyiniz."
"An error occurred while saving. Please, try again later.";"Kaydedilirken bir hata oluştu. Daha sonra tekrar deneyin."
"An error occurred while uploading your file. Please, try again later.";"Dosyanızı yüklenirken bir hata oluştu. Daha sonra tekrar deneyin."
"An unexpected error occurred while calculating the route.";"Rota hesaplanırken beklenmeyen bir hata oluştu."
"An unknown error occurred while creating the push notification.";"Push bildirimi oluşturulurken bilinmeyen bir hata oluştu."
"An unknown error occurred while issue-ing your certificate.";"Sertifikanız verilirken bilinmeyen bir hata oluştu."
"An unknown error occurred while loading the page.";"Sayfa yüklenirken bilinmeyen bir hata oluştu."
"Android APK";"Android MUAYENE"
"Android SDK is not installed";"Android SDK yüklü değil "
"Android Source";"Android Kaynak"
"Android Spinner";"Android spinner"
"Android base Package Name can't be empty.";"Android base paket adı boş bırakılamaz."
"Android base Package Name must contain only letters, dots & minus with at least two dots.<br />Example: com.mydomain.admin";"Android base paket adı en az iki nokta ile sadece harf, nokta ve eksi içermelidir. <br /> Örnek: com.mydomain.admin"
"Android base Package Name must contain only letters, dots & minus.";"Android temel Paket Adı sadece harf, nokta ve eksi içermelidir."
"Android only";"Yalnızca Android"
"Answers";"Cevapları"
"App";"Uygulama"
"App analytics";"Uygulama analizleri"
"App id";"Uygulama kimliği"
"Appearance";"Görünüm"
"Apple Development teams";"Apple Geliştirme ekipleri"
"Application";"Uygulama"
"Application Name";"Uygulama adı"
"Application base Bundle ID (iOS)";"Uygulama temel Paket İsmi (iOS)"
"Application base Package Name (Android)";"Uygulama temel Paket İsmi (Android)"
"Applications";"Uygulamalar"
"Are you sure you want to delete this admin?";"Bu admini silmek istediğinizden emin misiniz?"
"Are you sure you want to delete this element?";"Bu öğeyi silmek istediğinizden emin misiniz?"
"Are you sure you want to delete this invoice?";"Bu faturayı iptal etmek istediğinizden emin misiniz?"
"Are you sure you want to delete this subscription?";"Bu üyeliği silmek istediğinizden emin misiniz?"
"Are you sure you want to remove this account?";"Bu hesabı kaldırmak istediğinize emin misiniz?"
"Artist";"Sanatçı"
"At least one <b>published</b> application is required in order to use global push notifications.";"Global push bildirimlerini kullanmak için en az bir <b> yayınlanmış</b> uygulama gereklidir."
"At least, 1 page in the application";"En az 1 Sayfa uygulama "
"Attachment";"Ek"
"Audio";"Ses"
"Authentication failed";"Kimlik doğrulaması başarısız oldu"
"Authentication failed. Please check your email and/or your password";"Kimlik doğrulama başarısız oldu. E-posta adresinizi ve / veya şifrenizi kontrol edin"
"Authentication failed. Please, check the username and/or the password";"Kimlik doğrulama başarısız oldu. Lütfen kullanıcı adını ve / veya şifreyi kontrol edin"
"Autocomplete & Suggestions ...";"Otomatik Tamamlama Ve Öneriler ..."
"Average cart";"Ortalama sepet"
"Average for active users";"Aktif kullanıcılar için ortalama"
"Average for all users";"Tüm kullanıcılar için ortalama"
"Back";"Geri"
"Back button icon";"Geri düğmesi simgesi"
"Background";"Background"
"Background (landscape)";"Arkaplan (yatay)"
"Background (portrait)";"Arka plam (dikey)"
"Backoffice";"Backoffice"
"Bad settings can break your APK Generator, leave empty to use defaults.";"Kötü ayarları MUAYENE Jeneratör break, varsayılan kullanmak için boş bırakın."
"Banner";"Banner"
"Banner & Interstitial";"Banner & Interstitial"
"Be careful you are working in";"Dikkat edin, çalışıyorsunuz"
"Bearer Token";"Taşıyıcı Belirteci"
"Before you can send push notification, you must have at least one of iOS or Android application in a published state.";"Push bildirimi göndermeden önce, yayınlanmış bir iOS veya Android uygulamasından en az birine sahip olmanız gerekir."
"Booking";"Rezervasyon"
"Booking details";"Rezervasyon detayları"
"Booking::findAction An unknown error occurred, please try again later.";"Rezervasyon : Bilinmeyen bir hata oluştu, lütfen daha sonra tekrar deneyin."
"Bottom";"Alt"
"Browse";"Browse"
"Button";"Düğme"
"Button assertive";"İddialı düğme"
"Button balanced";"Uyumlu düğme"
"Button calm";"Sakin düğme"
"Button dark";"Koyu düğme"
"Button energized";"Buton aktive edildi."
"Button light";"Açık renk düğme"
"Button positive";"Olumlu düğme"
"Button royal";"Asil düğme (button royal)"
"By checking this, a search field will appear in your folder feature";"Bunu onaylayarak, klasör özelliğinizde bir arama alanı görünecektir."
"By default, popups steps try to use a smart placement. You can force this placement if needed.";"Varsayılan olarak, pop-up adımları akıllı yerleştirme kullanmaya çalışır. Gerektiğinde bu yerleştirmeyi deneyebilirsiniz."
"Cache";"Cache"
"Calendar";"Takvim"
"Callback URIs";"Geri Arama URI"
"Can only be used once";"Sadece bir kez kullanılabilir"
"Cancel";"İptal"
"Card";"Kart"
"Card Item";"Kart öğesi"
"Careful, someone else is working on this application.";"Dikkat edin, başka biri bu uygulama üzerinde çalışıyor."
"Cart";"Sepet"
"Catalog";"Katalog"
"Certificate is valid and SSL is reachable, valid until: %s.<br />Issuer: %s%s";"Sertifika geçerli ve SSL'ye erişilebilir, şu tarihe kadar geçerlidir: %s. <br />veren: %s%s"
"Change password";"Şifreyi değiştir"
"Change your<br /><span class='bold'>picture</span>";"<br /><span class='bold'>resminizi değiştirin</ span>"
"Changing the Application icon requires a rebuild / republication.";"Uygulama simgesi değiştirme yeniden / bir yayınlanması gerekir."
"Changing this option requires you to republish your iOS application.";"Bu seçeneği değiştirmek iOS uygulama yayımlamak gerektirir."
"Checkbox";"Onay kutusu"
"Checkbox off";"Onay kutusu kapalı"
"Checkbox on";"Onay kutusu açık"
"Checking Permissions";"Kontrol İzinleri"
"Choose a file to import:";"İçe aktamak için bir dosya seçin"
"Choose an object to import:";"İçe aktarmak için bir şey seçin."
"City";"Şehir"
"City:";"Şehir:"
"ClamAV is an optional anti-virus, you can enable it up below.";"Deniztarağı isteğe bağlı bir anti-virüs, aşağıda etkinleştirin."
"ClamAV settings";"Deniztarağı ayarları"
"ClamAV settings have been saved.";"Deniztarağı ayarlar kaydedildi."
"Click here to log-in";"Giriş yapmak için tıklayın"
"Click here to open the application";"Burada uygulama açmak için tıklayın "
"Click on";"Üstüne tıkla"
"Click on a feature to add it to the folder";"Klasöre eklemek için bir özelliği tıklayın"
"Click on a feature to add it to the folder %s";"% S klasörüne eklemek için bir özelliğe tıklayın"
"Click to import your file";"Dosyanızı içe aktarmak için tıklayın"
"Close";"Kapat"
"Close mobile display";"Mobil ekranı kapat"
"CloudFlare is not supported, please use a CNAME.";"CloudFlare desteklenmiyor, lütfen bir CNAME kullanın."
"CloudFlare is not supported, you must use a CNAME targeting your main domain.";"CloudFlare desteklenmiyor, ana alan adınızı hedefleyen bir CNAME kullanmanız gerekiyor."
"Cms";"CMS"
"Codescan";"Kod tarama"
"Comment";"Yorum"
"Comments";"Yorumlar"
"Commerce";"Ticaret"
"Communication";"İletişim"
"Company";"Şirket"
"Coms";"Coms"
"Conditions";"Koşullar"
"Configuration partially saved";"Yapılandırma kısmen kurtardı"
"Confirm";"Doğrula"
"Confirm Password";"Şifreyi doğrula"
"Confirm new password";"Yeni şifreyi doğrula"
"Confirmation";"Onaylama"
"Confirmation required";"Onay gerekiyor"
"Connection type";"Bağlantı türü"
"Contact";"İletişim"
"Contact successfully added to your address book";"Kontak başarıyla adres defterinize eklendi"
"Contact us";"Bizimle iletişime geçin"
"Contest";"Yarışma"
"Coordinates";"Koordinatlar"
"Copy";"Kopyala"
"Copying";"Kopyalama"
"Core";"Çekirdek"
"Country";"Ülke"
"Cover";"Kapak"
"Create";"Oluştur"
"Create / Edit a User";"Bir kullanıcı oluştur/düzenle"
"Create a new account";"Yeni bir hesap oluştur"
"Create an account";"Hesap oluştur"
"Created at";"de oluşturuldu"
"Creator Email";"Yaratıcı E-Posta"
"Currency";"Para birimi"
"Current load is";"Mevcut yük"
"Current password";"Mevcut şifre"
"Current status is";"Geçerli durum"
"Custom Page";"Özel sayfa"
"Customization";"Kişiselleştirme"
"Customization mode activated";"Özelleştirme modu aktif"
"Customize your app's colors";"Uygulamanızın renklerini kişiselleştirin"
"DEFAULT";"VARSAYILAN"
"DELETE";"Sil"
"Dashboard";"Yönetim Paneli"
"Data saved successfully.";"Veri başarıyla kaydedildi."
"Date";"Tarih"
"Date and time";"Tarih ve saat"
"Date of birth";"Doğum tarihi"
"Date of birth:";"Doğum tarihi"
"Deactivate";"Deaktif et"
"Debug";"Hata ayıklama"
"Debug output";"Hata ayıklama çıktısı"
"Default Languages";"Birincil dil"
"Default role for all new users";"Tüm yeni kullanıcılar için varsayılan rol "
"Default search distance";"Varsayılan arama mesafesi"
"Delete";"Sil"
"Delete a feature";"Bir özelliği silmek "
"Delete the Application";"Uygulama silmek "
"Delete this folder and all its subfolders?";"Bu klasör ve tüm alt klasörleri silinsin mi?"
"Delivered";"Teslim edildi"
"Delivery Cost";"Masrafı"
"Delivery method";"Teslimat yöntemi"
"Description";"Açıklama"
"Description:";"Açıklama:"
"Details";"Detaylar"
"Development";"Geliştirme"
"Dialog";"Diyalog"
"Dialog background";"Diyalog arka planı"
"Dialog button";"Diyalog düğmesi"
"Dialog text";"Diyalog metni"
"Discount";"İndirim"
"Discounts";"İndirimler"
"Display pictogram instead of image in map";"Haritadaki resim yerine piktogramı göster"
"Distance unit";"Mesafe birimi"
"Do not export";"Verme "
"Do you want to download all the contents now to access it when offline? If you do, we recommend you to use a WiFi connection.";"Çevrimdışı olduğunda erişmek için tüm içeriği şimdi indirmek istiyor musunuz? Bunu yaparken WiFi bağlantısı kullanmanızı öneririz."
"Do you want to return to the homepage?";"Ana sayfaya dönmek istiyor musunuz?"
"Don't close the app while downloading. This may take a while.";"İndirirken uygulamayı kapatmayın. Bu biraz zaman alabilir."
"Done";"Tamamlandı"
"Download APK";"Download MUAYENE"
"Download a copy of my data";"Verilerimi bir kopyasını indirin "
"Download as zip";"İndir zıp"
"Download complete list for this metric";"Bu metrik için tüm listeyi indirin"
"Download current search as CSV";"CSV olarak indirme geçerli arama "
"Download file is not available in DEMO mode.";"İndirme dosyası DEMO modunda kullanılamaz."
"Download latest APK";"İndir son MUAYENE"
"Download latest sources";"İndir son kaynakları"
"Download list of user who used this discount";"İndirim kullanan kullanıcıların listesini indir"
"Download list of user who used this loyalty card";"Bu sadakat kartını kullanan kullanıcının listesini indirin"
"Download list of user who used this scratch card";"Kazı kazan kullanan kullanıcıların listesini indir"
"Download only winner list for this scratch card";"Bu kazı kazan için kazananlar listesini indir"
"Download the APK";"APK indir "
"Download the Source code";"Kaynak kodu Download "
"Downloading...";"İndiriliyor"
"Drop your json here";"Burada json bırakın "
"EDIT";"DÜZENLE"
"Edit";"Düzenle"
"Edit an invoice for this plan";"Bu plan için fatura düzenle"
"Edit folder";"Klasörü düzenle"
"Edit step for this element";"Bu öğe için adımı düzenle"
"Editing";"Düzenleme"
"Editor";"Editör"
"Editor note: A user with a given role can only assign Self role (if the role is SELF-ASSIGNABLE) & Child roles.";"Editörün notu: belirli bir rolü olan Bir kullanıcı (eğer rolü SELF-ATANABİLİR) & Çocuk rolleri Kendine rol atayabilirsiniz."
"Editor note: A user with a given role can only assign self & child roles.";"Editörün notu: belirli bir role sahip Bir kullanıcı sadece kendi & çocuk rolleri atayabilirsiniz."
"Element n°";"n° öğesi"
"Email";"Email"
"Email address";"Email adresi"
"Email:";"Email:"
"Enable search in folders";"Klasörlerde aramaya izin ver"
"Enable test API ?";"T"
"End at";"de bitti"
"End tour";"Turu bitir"
"Enter your twitter handle";"Kolu twitter girin "
"Error";"Hata"
"Error : <br/>";"Hata: <br/>"
"Error on import configuration.";"İçe aktarma yapılandırmasında hata oluştu."
"Errors : <br/>";"Hatalar: <br/>"
"European <b>General Data Protection Regulation (GDPR)</b>";"(GDPR) Avrupa <b>Genel Veri Koruma Yönetmeliği</b>"
"Event";"Etkinlik"
"Events";"Etkinlikler"
"Export / Import";"İhracat / İthalat"
"Export / Import of features is currently in beta and available only with some features.";"Özellikleri İhracat / İthalat şu anda sadece bazı özellikleri ile beta ve kullanılabilir."
"Export your customers";"Müşterilerinizi dışarı aktarın"
"Extension";"Uzantısı"
"Extension %s is strictly forbidden.";"S uzantısı %kesinlikle yasaktır."
"Extension can't be empty.";"Uzantısı boş."
"Extension not allowed, '%s' only";"Uzatma izin verilmiyor,sadece '%s'"
"Extension: txt, png, jpeg, avi, etc...";"Uzantısı: txt, png, jpeg, avi, vb..."
"Facebook";"Facebook"
"Fan Wall";"Takipçi duvarı"
"Fanwall";"Fanwall"
"Feature Analytics";"Analytics özelliği"
"Feature Top 5 visits";"Top 5 ziyareti öne çıkar"
"Features";"Özellikler"
"Filter metrics";"Metrikleri filtrele"
"Firewall";"Güvenlik duvarı"
"First Name";"İsim"
"First name";"İsim"
"First name / Last name";"İsim / Soyisim"
"Firstname";"Adı"
"Firstname:";"Adi:"
"Folder";"Klasör"
"Folder title is required";"Klasör başlığı gereklidir"
"Folders";"Klasörler"
"Folders (v2)";"Klasörler (v2)"
"Forbidden image format";"Yasak resim biçimi"
"Force request & Upload to panel";"Talebi zorla & panele yükle"
"Forgot your password ?";"Şifrenizi mi unuttunuz?"
"Forgot your password?";"Parolanızı mı unuttunuz?"
"Forgot your password? Don't worry! Simply enter your email address and we'll send you a new one right now.";"Şifrenizi mi unuttunuz? Üzülmeyin! E-posta adresini girin ,size bir yenisini göndereceğiz."
"Form";"Form"
"Form has the following errors";"Formda aşağıdaki hatalar mevcut"
"Free until";"Kadar ücretsiz "
"From:";"Kimden:"
"Front";"Ön"
"GCM settings saved.";"HGK ayarlar kaydedilir."
"GRADLE extended options";"GRADLE seçenekleri genişletilmiş "
"General";"Genel"
"Generate";"Üret"
"Generate an invoice for this offline plan by using the form below.";"Aşağıdaki formu kullanarak bu çevrimdışı plan için bir fatura oluşturun."
"Generate build";"Yapı oluşturmak "
"Generate sources";"Kaynakları oluşturmak "
"Global push";"Küresel itme"
"Global push notifications";"Global push bildirimleri"
"Go back";"Geri dön"
"Google Maps settings";"Google Maps ayarları"
"HH:mm a";"SS:dd"
"Hello,";"Merhaba,"
"Here is your new password:";"Yeni şifreniz:"
"Hi. I just found: $1 in the $2 app.";"Merhaba. Az önce buldum: $2 uygulamasında $1."
"Hide";"Gizle"
"Hide iOS status bar";"İOS durum çubuğunu gizle "
"Hint";"İpucu"
"Home";"Ev"
"Homepage";"Ana sayfa"
"Host";"Sunucu"
"Hostnames associated with this Certificate";"Bu sertifika ile ilişkili ana sunucu adları"
"How do you want to access the backoffice if you remove the only user remaining?";"Bu hesap silinemez"
"I'm listening to $1 from $2 on $3 app.";"#3 uygulamasında #1'den #2'ye dinliyorum."
"I'm listening to $1 on $2 app.";"2$ uygulamasında 1$ dinliyorum .."
"ID";"ID"
"IP";"IP"
"IP, example: 127.0.0.1";"IP, örnek: 127.0.0.1"
"Icons size";"Simge boyutu"
"If user doesn't use AdMob, split revenue will default to 100.";"Kullanıcı AdMob'u kullanmazsa, split geliri varsayılanı 100 olur."
"Image";"Görsel"
"Image not high enough, %spx minimum allowed.";"Resim yüksekliği yeterli değil,en az %spx olmalı."
"Image not large enough, %spx minimum allowed.";"Resim eni yeterli değil,en az %spx olmalı."
"Image not large enough, '%s' allowed.";"Resim yeterince büyük değil,izin verilen '%s'"
"Image successfully saved";"Görüntü başarıyla kaydedildi"
"Image too high, %spx maximum allowed.";"Resim yüksekliği çok fazla,en fazla %spx olmalı."
"Image too large, %spx maximum allowed.";"Resim çok büyük, en fazla %spx olmalı."
"Image too large, '%s' allowed.";"Resim çok büyük,izin verilen büyüklük '%s'."
"Images";"Görseller"
"Images opacity";"Görüntü saydamlığı"
"Import";"İçe aktar"
"Import a background image";"Bir arka plan görüntüsü alma "
"Import a cover image";"Kapak görüntüsü alma "
"Import a single feature.";"Tek bir özelliği alma."
"Import a thumbnail";"Alma küçük resim"
"Import a thumbnail image";"Küçük resim alma "
"Import yml";"İthalat yml"
"In order to fully enjoy our features, we encourage you to use at least:.<br />";"Uygulamanızı etkin kullanmanız için  önerdiğimiz minimum özellik adedi:<br />"
"In order to publish your application, we need:";"Uygulamanıızı yayınlamak için ihtiyacımız olanlar:"
"In order to publish your application, we need:<br />- ";"Uygulamanızı yayınlayabilmemiz için gerekenler:<br />- "
"In order to use global push notifications your app must be published.";"Global push bildirimlerini kullanabilmeniz için uygulamanız yayınlanmış olmalıdır."
"Incorrect filetype.";"Yanlış dosya türü,"
"Info";"Info"
"Info successfully saved";"Bilgi başarıyla kaydedildi"
"Information";"Bilgi"
"Infos successfully saved";"Bilgi başarıyla kaydedildi"
"Inherit global layout";"Global layout'u al"
"Insert a <br /><span class'bold'>cover image</span>";"<br /> <span class'bold '>kapak resmi</ span> ekle"
"Insert a <br /><span class=\"bold\">cover image</span>";"Bir kapak resmi <br /><span class=\"bold\">yükleyin</span>"
"Insert a cover image";"Bir kapak resmi yükleyin"
"Insert a picture";"Resim ekle"
"Installer";"Yükleyici"
"Installs";"Yükleme"
"Integration";"Entegrasyon"
"Interstitial";"Interstitial"
"Invalid place";"Geçersiz yer"
"Invoice creation date";"Fatura oluşturma tarihi"
"Invoice payment date";"Fatura ödeme tarihi"
"Invoices";"Faturalar"
"Issuer";"Veren"
"It seems that the renewal of the following SSL Certificate %s is failing, please check in <b>Settings > Advanced > Configuration</b> for the specified certificate.";"It seems that the renewal of the following SSL Certificate %s is failing, please check in <b>Settings > Advanced > Configuration</b> for the specified certificate."
"JAVA Extended options";"JAVA seçenekleri Genişletilmiş "
"Landscape";"Peyzaj"
"Last Name";"Soy Ad"
"Last action";"Son eylem"
"Last error";"Son hata"
"Last login";"Son giriş"
"Last name";"Soyisim"
"Last update date";"Son güncelleme tarih"
"Lastname";"Soyad"
"Lastname:";"Soyad:"
"Layout #1";"Layout #1"
"Layout #2";"Layout #2"
"Layout #3";"Layout #3"
"Layout #4";"Layout #4"
"Layout #5";"Layout #5"
"Layout #6";"Layout #6"
"Leave blank if your web space is the current domain.";"Mevcut domain sizin web alanınız ise boş bırakın."
"Left";"Sol"
"Let your users know what is locked";"Kullanıcılarınıza neyin kilitli olduğunu bildirin"
"Like";"Beğen"
"Likes";"Beğeniler"
"Link";"Link"
"Links";"Bağlantılar"
"Links are now re-ordered!";"Bağlantılar şimdi sipariş yeniden!"
"List";"Liste"
"List Item";"Öğeleri listele"
"List of your invoices";"Faturaların listesi "
"Load More";"Daha fazla yükle"
"Loading";"Yükleniyor"
"Loading picture";"Yükleme resim"
"Local APK Generator";"Yerel kuru temizleme Jeneratör"
"Local APK build";"Yerel kuru temizleme yapı"
"Locate";"Konum Bilgisi"
"Location";"Lokasyon"
"Location:";"Lokasyon:"
"Location: %s";"Konum: %s"
"Log in";"Oturum Aç"
"Log-in";"Oturum Aç"
"Log-out";"Çıkış"
"Logged in as";"Olarak girildi"
"Login to access your data";"Giriş verileri erişmek için "
"Login to your admin interface";"Yönetici arayüzüne giriş yapın"
"Loyalty Card";"Sadakat kartı"
"LoyaltyCard";"Sadakat karto"
"MM,d yy";"MM,d yy"
"MM.dd.y";"AA:GG.Y"
"MM.dd.y 'at' HH:mm a";"AA.GG.Y'da SS:DD"
"MM/dd/y";"MM/dd/y"
"MM/dd/y 'at' hh:mm a";"MM/dd/y 'at' hh:mm a"
"MM/dd/y hh:mm a";"MM/dd/y hh:mm a"
"MM/dd/yy";"MM/dd/yy"
"MM/dd/yyyy";"MM/dd/yyyy"
"MMMM dd y";"MMMM dd y"
"Main Platform";"Ana platform"
"Main category";"Ana kategori"
"Main domain";"Ana etki alanı"
"Main domain (without https?://) is required for services, and tools.";"(Https olmadan?) ana etki alanı:// hizmetleri ve araçlar için gereklidir."
"Main hostname";"Ana sunucu adı"
"Make this image colorizable";"Bu resmi renklendirilebilir yap"
"Manage";"Yönet"
"Manage Folders";"Klasörleri yönet"
"Manage Places";"Yerleri Yönetmek "
"Manage Tour";"Tur yönet"
"Manage content";"İçeriği yönet"
"Map";"Harita"
"Maps";"Haritalar"
"Mcommerce";"M-ticaret"
"Media";"Medya"
"Message";"Mesaj"
"Message from your app %s";"%s uygulamanızdan mesaj "
"Messages";"Mesajlar"
"Metadata";"Meta"
"Method";"Yöntem"
"Middle";"Orta"
"Migrate sessions";"Geçirme oturumları"
"Migrate sessions to Redis";"Geçirme oturumları Redis için "
"Misc";"Mısc"
"Missing appId";"Kayıp kimliği"
"Missing gallery_id";"Eksik gallery_id"
"Missing parameters.";"Eksik parametreler"
"Missing params";"Eksik parametreler"
"Missing status";"Eksik durum"
"Missing value";"Eksik değer"
"Missing values";"Kayıp değerler"
"Mobile display";"Mobil görünüm"
"Modal";"Kalıcı"
"Modules";"Modüller"
"Monetization";"Para kazanma"
"Month";"Ay"
"Monthly";"Aylık"
"More";"Daha"
"My Users List";"Kullanıcı listem"
"My account";"Hesabım"
"My custom template";"Özel şablon "
"My invoices";"Faturalarım"
"MyTemplate";"MyTemplate"
"NSCameraUsageDescription";"NSCameraUsageDescription"
"NSLocationAlwaysAndWhenInUseUsageDescription";"NSLocationAlwaysAndWhenİnUseUsagedescription"
"NSLocationAlwaysUsageDescription";"NSLocationAlwaysUsageDescription"
"NSLocationWhenInUseUsageDescription";"NSLocationWhenİnUseUsageDescription"
"NSMotionUsageDescription";"NSMotionUsageDescription"
"NSPhotoLibraryUsageDescription";"NSPhotoLibraryUsageDescription"
"Name";"Ad"
"Never";"Asla"
"New";"Yeni"
"New folder";"Yeni klasör"
"New format";"Yeni format"
"New password";"Yeni parola"
"New positions are missing.";"Yeni pozisyonlar eksik."
"New subfolder";"Yeni alt"
"Newswall";"Haber duvarı"
"Next";"Sonraki"
"No";"Yok"
"No Results";"Sonuç yok"
"No address to display on map.";"Harita üzerinde gösterilecek bir adres yok."
"No data for this metrics for now.";"Şu an bu metrik için veri yok."
"No features";"Hayır özellikleri"
"No invoice for now.";"Şu an fatura yok."
"No items found";"Hiçbir öğe bulunamadı"
"No linkable element found on this page.";"Bu sayfada bağlanılabilir öğe bulunamadı."
"No logs";"Hiçbir günlükleri"
"No modules";"Hayır modülleri"
"No place to display on map.";"Harita üzerinde gösterilecek bir yer yok."
"No profile found. Please create one in Settings tab.";"Profil bulunamadı. Lütfen Ayarlar sekmesinde oluşturun."
"No published applications available.";"Mevcut yayınlanmış uygulama yok."
"No results";"Sonuç yok"
"No results for your request.";"Talebiniz için sonuç yok."
"No rules";"Kural yok"
"No uploaded image";"yüklenen resim sayısı"
"Not available offline.";"Çevrimdışı erişilebilir değil."
"Note";"Not"
"Note: A disabled feature is not removed from published applications & can still be edited, but users can't add it anymore!";"Not: Yayınlanmış uygulamalardan devredışı bırakılmış bir özellik kaldırılmaz ama düzenlenebilir. Ancak kullanıcılar artık ekleyemez."
"Note: Let's encrypt X1 is a staging certificate.";"Not: Not: Let's encrypt X1 bir kademelendirme sertifikasıdır."
"Nothing to display";"Gösterilecek bir şey yok"
"Nothing to display.";"Gösterilecek bir şey yok."
"Number";"Sayı"
"Number of people";"Kişi sayısı"
"Number of reward used";"Kullanılan ödül sayısı"
"OK";"OK"
"OR";"YA DA"
"Offline Payment";"Çevrimdışı ödeme"
"Offline content";"Çevrimdışı içerik"
"Old Password";"Eski parola"
"Only active";"Yalnızca aktif"
"Only inactive";"Yalnızca pasif"
"Only offline";"Yalnızca çevrimdışı"
"Only published application are available for global push notifications.";"Yalnızca yayınlanmış uygulamalar global push bildirimleri için uygundur."
"Open custom URL";"Özel url aç"
"Open settings";"Açık ayarları"
"Options";"Ayarlar"
"Or do you want to return to editor?";"Ya da editöre mi dönmek istiyorsunuz?"
"Order";"Sipariş"
"Order date";"Sipariş tarihi"
"Origin";"Kökeni"
"Ouch, this page doesn't exist";"Bu sayfa mevcut değil"
"Override layout";"Layout'u geçersiz yap"
"PHP Version";"PHP Sürümü"
"Package name";"Paket adı"
"Padlock";"Padlock"
"Page settings";"Sayfa ayarları"
"Paid At";"Para At"
"Paid amount";"Ödenen miktar"
"Paid at";"Ödendi"
"Parent";"Üst"
"Password";"Şifre"
"Password (clear)";"Parola (açık)"
"Password (hashed)";"(Karma)şifre "
"Password:";"Şifre:"
"Passwords don't match";"Şifre eşleşmiyor"
"PayPal Express Checkout";"PayPal Express Ödeme"
"Payment";"Ödeme"
"Payment ID";"Ödeme NUMARASI"
"Payment Method";"Ödeme yöntemi"
"Payment method";"Ödeme yöntemi"
"Payments";"Ödemeler"
"Permissions";"İzinleri"
"Personal data";"Kişisel veri"
"Phone";"Telefon"
"Phone and/or E-mail";"Telefon  ve/veya e-posta"
"Phone:";"Tel:"
"Photos";"Resimler"
"Place disabled";"Yeri devre dışı"
"Places";"Yerler"
"Plain";"Düz"
"Plans";"Planlar"
"Platform";"Platform"
"Platform Name";"Platform Adı"
"Platform hostname";"Platform hostname"
"Player";"Oyuncu"
"Please create the API keys to enable this feature.";"Bu özelliği etkinleştirmek için lütfen API anahtarlarını oluşturun."
"Please enter a password";"Lütfen bir şifre girin"
"Please enter a valid URL.";"Lütfen geçerli bir URL girin."
"Please enter a valid credit card number.";"Lütfen geçerli bir kredi kartı numarası girin."
"Please enter a valid date (ISO).";"Lütfen geçerli bir tarih girin (ISO)."
"Please enter a valid date.";"Lütfen geçerli bir tarih girin."
"Please enter a valid email address";"Lütfen geçerli bir email girin"
"Please enter a valid email address.";"lütfen geçerli bir email adresi girin."
"Please enter a valid number.";"Lütfen geçerli bir numara girin."
"Please enter a valid url";"Lütfen geçerli bir url girin"
"Please enter a value between {0} and {1} characters long.";"Lütfen {0} ile {1} karakter uzunluğu arasında bir değer girin."
"Please enter a value between {0} and {1}.";"Lütfen {0} ile {1} arası bir değer giriniz."
"Please enter a value greater than or equal to {0}.";"Lütfen {0} a eşit ya da büyük bir değer girin."
"Please enter a value less than or equal to {0}.";"Lütfen {0} a eşit ya da daha küçük bir değer girin."
"Please enter at least {0} characters.";"Lütfen en az {0} karakter girin."
"Please enter no more than {0} characters.";"{0} karakterden daha fazla girmeyiniz."
"Please enter only digits.";"Lütfen yalnızca numara girin."
"Please enter the same value again.";"Lütfen aynı değeri tekrar girin."
"Please enter your email address";"Lütfen email adresinizi girin"
"Please fill in the following fields:";"Aşağıdaki alanları doldurunuz:"
"Please fill out the following fields";"Lütfen aşağıdaki alanları doldurun"
"Please fix this field.";"Lütfen alanı düzenleyin."
"Please log in.";"Lütfen giriş yapın"
"Please note that this page is currently displaying DEMO data. Real data will be displayed when the %s applications limit is reached.";"Lütfen bu sayfanın şu anda DEMO verilerini görüntülediğini unutmayın. %s uygulamaları sınırına ulaşıldığında gerçek veriler görüntülenecektir."
"Please note that this page is currently displaying DEMO data. Real data will be displayed when your application is published.";"Lütfen bu sayfanın şu anda DEMO verilerini görüntülediğini unutmayın. Uygulamanız yayınlandığında gerçek veriler görüntülenecektir."
"Please provide a certificate.";"Lütfen bir sertifika edinin"
"Please select at least one application.";"Lütfen en az bir uygulama seçin."
"Please wait...";"Lütfen bekleyin..."
"Please, enter a correct email address.";"Lütfen doğru email girin"
"Please, enter a password.";"Lütfen bir şifre girin."
"Please, enter a valid date";"Lütfen geçerli bir tarih girin"
"Podcast";"Podcast"
"Podcast URL";"Podcast URL"
"Podcast URL (iTunes format)";"Podcast URL (iTunes format)"
"Podcast type is invalid or can't be found";"Podcast türü geçersiz ya da bulunamıyor"
"Port";"Bağlantı noktası"
"Port, example: 3310";"Port, örnek: 2570"
"Position Menu";"Konum Menüsü"
"Postcode";"Posta kodu"
"Postcode:";"Posta Kodu:"
"Previewer";"Ön izleyici"
"Previews";"Ön izleme"
"Privacy";"Gizlilik"
"Privacy Policy";"Gizlilik Politikası"
"Privacy policy";"Gizlilik Politikası"
"Privacy policy section for GDPR";"GDPR için Gizlilik Politikası bölüm "
"Privacy policy successfully saved";"Gizlilik Politikası başarılı bir şekilde kaydedildi"
"Privacy settings";"Gizlilik Ayarları"
"Products";"Ürünler"
"Profile";"Profil"
"Promotion";"Promosyon"
"Publication settings";"Yayın ayarları"
"Publish your app";"Uygulamanızı yayınlayın"
"Publishable Key";"Anahtar Yayınlanabilir"
"Push";"Bildirim"
"Push Notifications";"Push Bildirimleri"
"Push message";"Push mesajı"
"Push message is sent.";"Push mesaj gönderildi."
"Push notification";"Push bildirimi"
"Push notifications";"Push bildirimleri"
"Push notifications Your account doesn't exists on editor side. Please create it before using tour edition.";"Push bildirimleri. Hesabınız editör tarafında mevcut değil. Lütfen tur sürümünü kullanmadan önce oluşturun."
"QR Code";"QR Kodunu"
"QRCode";"QRKod"
"Qty";"Qty"
"Query";"Sorgu"
"RSS Feed";"RSS Feed"
"Radio";"Radyo"
"Redis AUTH KEY";"Redis AUTH KEY"
"Registration date";"Kayıt tarihi"
"Release";"Serbest"
"Remove";"Kaldır"
"Remove this page from this folder?";"Bu sayfa bu klasörden kaldırılsın mı?"
"Remove this step";"Bu adımı kaldırın"
"Request & Upload to panel";"İste ve panele yükle"
"Request APK generation";"İstek MUAYENE nesil"
"Request or renew the certificate via Let's Encrypt.";"Sertifikayı Let's Encrypt üzerinden isteyin veya yenileyin."
"Requested by";"Talep tarafından"
"Required fields";"Gerekli alanlar"
"Reset to default Privacy Policy.";"Varsayılan Gizlilik Politikası'na dön."
"Resize your picture";"Resminizi yeniden boyutlandırın"
"Resize your picture:";"Resminizi yeniden boyutlandırın:"
"Restart";"Yeniden başlatın"
"Restore Apps";"Uygulamaları Geri Yükleme "
"Restore Apps sources";"Uygulamalar kaynaklar geri yükleme "
"Right";"Sağ"
"Roles";"Roller"
"Rss";"RSS"
"Rule have been added.";"Kural eklendi."
"Rule have been removed.";"Kural kaldırılmıştır."
"Run Android SDK update";"Run Android SDK güncelleme"
"SCSS successfully saved";"SCSS başarıyla kaydedildi"
"SELF-ASSIGNABLE";"KENDİNİ ATANABİLİR"
"SEND";"YOLLA"
"SMTP";"SMTP"
"SMTP - Whitelist: An administrator sent a request for white-listing his domain.";"SMTP - Whitelist: Bir yönetici, alan adını whitelist için bir istek gönderdi."
"SMTP Credentials (Affiliated to the White-Label %s)";"-Etiket %s (Beyaz Bağlı)SMTP Kimlik bilgileri "
"Sales by Categories (TOP 10)";"Kategoriye göre satışlar (Top 10)"
"Sales by Payment method";"Ödeme metoduna göre satış"
"Sales by Store";"Mağazaya göre satışlar"
"Sales by product (TOP 20)";"Ürün başına satış (top 20)"
"Sample";"Örnek"
"Save";"Sakla"
"Save GCM settings";"HGK Ayarları kaydet"
"Save iTunes credentials";"Kimlik bilgilerini kaydetmek iTunes "
"Save sender id & key";"Kaydet gönderenin kimliği & anahtar"
"Scan it.";"Tara"
"Scan now to unlock";"Kilidi açmak için tarayın"
"Scheduled for";"için planlandı"
"Scheduled for <i>%s</i>";"<I>% s </ i> için planlandı"
"Scratchcard Users";"Kazı kazan kullanıcıları"
"Search";"Ara"
"Search ...";"Ara"
"Search / Filter";"Arama / filtre"
"Search results";"Sonuçları ara"
"Search, filter ...";"Ara, filtrele"
"See";"Gör"
"Select a Development team";"Geliştirme ekibi seçin "
"Select a country";"Bir ülke seçin"
"Select a hostname";"Bir sunucu adı seçin"
"Select a panel type or self-managed";"Bir panel türü veya kendiniz yönetin"
"Select all";"Tümünü seçin"
"Select an album";"Bir albüm seçin "
"Select an iTunes Connect provider";"Bir sağlayıcı seçin iTunes Connect "
"Select target applications";"Hedef uygulamaları seç"
"Select your back button appearance";"Geri düğmesi görünümünüzü seçin "
"Selected hostname";"Seçili sunucu ismi"
"Selected main hostname";"Seçili ana sunucu ismi"
"Send";"Gönder"
"Send a cover image";"Kapak resmi göndermek "
"Send push";"Push gönder"
"Send report";"Rapor gönder "
"Send to all applications.";"Tüm uygulamalara gönder."
"Send your pictures";"Resimlerinizi gönderin"
"Sender ID";"Gönderenin KİMLİĞİ"
"Sender email";"Gönderenin e-posta"
"Sender name";"Gönderenin adı"
"Server key";"Anahtar sunucusu "
"Service APK Generator";"Hizmet kuru temizleme Jeneratör"
"Service APK generator";"Hizmet kuru temizleme Jeneratör"
"Service notes";"Servis notları"
"Session settings";"Oturum ayarları"
"Set Meal";"Menü oluştur"
"Settings";"Ayarlar"
"Show";"Göster"
"Show cover";"Kapağı göster"
"Show search field";"Arama alanını göster"
"Show title";"Başlığı göster"
"Siberian current installation path";"Sibirya geçerli yükleme yolu"
"Siberian domain";"Sibirya etki alanı"
"Siberian informations";"Sibirya bilgileri"
"Siberian uses it to scan all uploaded files that have passed the soft Firewall.";"Sibirya yumuşak Güvenlik Duvarı geçen tüm yüklenen dosyaları taramak için kullanır."
"Size on disk";"Diskteki boyutu "
"Size:";"Boyut:"
"Slack notification settings";"Bolluk bildirim ayarları"
"Slider";"Kaydırma butonu"
"Social";"Sosyal"
"Socialgaming";"Sosyal oyun"
"Socket";"Soket"
"Soundcloud";"Soundcloud"
"Source code";"Kaynak kodu"
"Source code generation is not configured, ask your administrator for more informations.";"Kaynak kod oluşturma yapılandırılmamış, daha fazla bilgi için yöneticinize başvurun."
"Sourcecode";"Kaynak kodu"
"Sources";"Kaynakları"
"Spinner";"Spinner"
"Split Ad revenue (percent for you)";"Split reklam geliri (yüzde olarak)"
"Start date must be lower than end date.";"Başlama tarihi bitiş tarihinden önce olmalıdır."
"State / Province";"Eyalet / İl"
"Step placement (optional)";"Adım yerleştirme (opsiyonel)"
"Step saved successfully.";"Adım başarıyla kaydedildi."
"Step text";"Adım metin"
"Step title";"Başlık adım "
"Street";"Cadde"
"Street:";"Cadde:"
"Subscriptions";"Üyelik"
"Subtitle";"Alt başlık"
"Success";"Başarılı"
"Support";"Destek"
"Support Link";"Destek linki"
"Support link";"Destek bağlantısı"
"Switch to Ionic design";"İyonik tasarım geçin "
"System";"Sistem"
"TLS";"TLS"
"Target applications";"Hedef uygulamalar"
"Target devices";"Hedef cihazlar"
"Target specific devices";"Hedef özel cihazlar"
"Tax";"Vergi"
"Taxes";"Vergiler"
"Template";"Şablon"
"Test SMTP";"Test SMTP"
"Text";"Metin"
"Thank you";"Teşekkürler"
"Thank you for your request.<br />We'll answer you as soon as possible.";"İsteğiniz için teşekkür ederiz. <br /> Size en kısa sürede cevap vereceğiz."
"The account has been successfully saved";"Hesap başarıyla kaydedildi"
"The address you're looking for does not exists.";"Aradığınız adres mevcut değil."
"The admin_id is required";"Admin_id gerekiyor."
"The admin_id parameter is required";"Admin_id parametresi gereklidir "
"The app_id is required";"app_id gerekli"
"The app_id parameter is required";"App_id parametresi gereklidir "
"The certificate request failed 3 times, please check the certificate information, your panel credentials, and everything else.<br />If your certificate is valid, you can try to upload to panel only.";"Sertifika isteği 3 kez başarısız oldu, lütfen sertifika bilgilerini, panel kimlik bilgilerinizi ve diğer her şeyi kontrol edin. <br /> Sertifikanız geçerliyse, yalnızca panele yüklemeyi deneyebilirsiniz."
"The email is required";"Email gerekli"
"The entered text mismatch";"Girilen metni uyumsuzluğu"
"The file '%s' does not exist";"Dosya '%s' mevcut değil"
"The image '%s' does not exist";"Resim '%s' mevcut değil"
"The image size '%s' could not be detected.";"Resim boyutu '%s' algılanamadı."
"The name is required";"İsim gereklidir."
"The old password does not match the entered password.";"Şifreler eşleşmiyor."
"The password is required";"Şifre gerekli"
"The password must be at least 6 characters";"Şifre en az 6 karekter olmalı"
"The payment has been cancelled, something wrong happened? Feel free to contact us.";"Ödeme iptal edildi, bir şeyler yanlış oldu? Bizimle temas kurmaktan çekinmeyin."
"The sent request is empty.";"Gönderilen istek boş."
"The user_id is required";"User_id gereklidir "
"The value_id is required.";"Value_id gerekiyor."
"This URL is already used";"Bu URL zaten kullanılıyor "
"This admin can generate APK";"Bu admin MUAYENE oluşturabilirsiniz "
"This admin does not exist";"Bu admin mevcut değil."
"This admin gives you the required information to publish applications";"Bu yönetim uygulamaları yayımlamak için gerekli bilgileri verir "
"This administrator does not exist";"Bu Yönetici mevcut değil"
"This application does not exist";"Bu uygulama mevcut değil."
"This block type doesn't exist";"Bu blok tip yok"
"This code is unrecognized";"Bu kod tanınmıyor"
"This email address does not exist";"Bu e-posta adresi mevcut değil."
"This email address is already used";"Bu email adresi kullanımda"
"This feature is available from the application only";"Bu özellik sadece uygulamadan temin edilebilir."
"This feature is disabled by default since update 4.12.24 and is deprecated in favor of Folders v2.";"Bu özellik, 4.12.24 güncellemesinden itibaren varsayılan olarak devre dışıdır ve Klasörler v2 için önerilmemektedir."
"This feature opens the Code Scan camera";"Bu özellik kod tarama kamerasını açar."
"This field is required";"Bu dosya gerekli"
"This field is required.";"Gerekli alanları doldurunuz."
"This layout has no option.";"Bu layout'ta seçenek yok."
"This option doesn't exists.";"Bu seçenek yok."
"This option is not compatible with applications using Forms and/or features with Keyboard.";"Bu seçenek, Klavye ile Formları ve/veya özelliklerini kullanarak uygulamalar ile uyumlu değil."
"This plan is an offline plan.";"Bu plan çevrimdışı bir plandır."
"This section is unlocked for mobile users only";"Bu bölüm sadece mobil kullanıcılar için"
"This will open the code scan camera on your device.";"Bu kod tarama kamerasını açacak."
"Thumbnail";"Küçük resimler"
"Time spent in application";"Uygulamada geçirilen zaman"
"Timezone";"Zaman Dilimi"
"Tip";"Bilgi"
"Title";"Başlık:"
"Title & Message are both required.";"Başlık ve mesaj gerekiyor."
"Title's Card";"Başlık kartı"
"Title's List";"Başlığın listesi"
"Title:";"Başlık:"
"To be able to use ClamAV you must have it installed on your server and configured accordingly to our documentation.";"Deniztarağı kullanabilmek için sunucu üzerinde yüklü ve buna göre belgeleri bizim için yapılandırılmış olması gerekir."
"Toggle";"Toggle"
"Toggle off";"Toggle kapalı"
"Toggle on";"Toggle açık"
"Toggle's Handle off";"Toggle's Handle off"
"Toggle's Handle on";"Toggle's Handle on"
"Token";"Belirteç"
"Tooltip";"Araç bilgisi"
"Top";"Üst"
"Top installs";"Top yüklemeler"
"Top position";"En üst pozisyon"
"Top visits";"Top ziyaretler"
"Topic";"Konu"
"Topics";"Konular"
"Total";"Toplam"
"Total Excl. Tax";"Vergi dahil toplam"
"Total installs";"Toplam yükleme"
"Total sales";"Toplam satış"
"Total visits";"Toplam ziyaret"
"Tour";"Tur"
"Tour Edition";"Tur Edisyonu"
"Translation";"Çeviri"
"Translations";"Çeviriler"
"URL";"URL"
"Unable to add the contact to your address book";"Adres defterinize kişi eklenemiyor"
"Unable to calculate the route.";"Rota hesaplanamıyor."
"Unable to connect in HTTPS or to validate the SSL Certificate.<br />Check if your are not in `Staging`";"HTTPS'ye bağlanılamıyor veya SSL Sertifikasını doğrulamıyor. <br /> \"Staging\"de değilseniz kontrol edin."
"Unable to find TC with id %s.";"%s kimliğine sahip TC bulunamıyor."
"Unable to save image";"Resim kaydedilemiyor"
"Unrecognized image format";"Tanınmayan resim biçimi"
"Until:";"Şu zamana kadar:"
"Updated at";"de güncellendi"
"Upload to panel";"Panele yükle"
"Upload your json here";"Burada json yükleyin "
"Use card design";"Kart tasarımı kullan"
"Use the homepage image as background in all features";"Tüm özelliklerde ana sayfa resmini arka plan olarak kullan"
"Use this coupon";"Bu kuponu kullanın"
"User";"Kullanıcı"
"User successfully saved";"Kullanıcı başarıyla kaydedildi"
"Username";"Kullanıcı adı"
"Users";"Kullanıcılar"
"Users activity";"Kullanıcı etkinliği"
"Users localization";"Kullanıcıların konumu"
"VAT Number";"Vergi numarası"
"Valid until";"Şu tarihe kadar geçerli"
"Validate";"Geçerli"
"Validated points";"Doğrulanmış noktalar"
"Validated points by Loyalty card Analytics";"Sadakat kartı analytics tarafından onaylanan puanlar"
"Validations by Discount Analytics";"İndirim analizlerine göre doğrulamalar"
"Version %s";"Versiyon %s"
"Video";"Video"
"Video URL";"Video URL"
"Videos";"Videolar"
"View";"Görünüm"
"View full article";"Tüm makaleyi oku"
"View my actual data";"Gerçek veri görüntüle "
"Visits";"Ziyaretler"
"Visits by feature (All)";"Özelliğe göre ziyaretler (tümü)"
"Visits by feature (Top 5)";"Test API'ına izin verilsin mi?"
"Visits by product (TOP 20)";"Ürün başına ziyaret (Top 20)"
"We are sorry but this address is already used.";"Üzgünüz ama bu adres kullanımda"
"We are sorry but this email address already exists.";"Üzgünüz ama bu email kullanılmış"
"We are sorry but this feature is not available yet";"Üzgünüz ama bu özellik henüz mevcut değil"
"We are sorry but this username already exists.";"Üzgünüz ancak bu kullanıcı adı zaten mevcut."
"We've sent you an e-mail with your access token.";"Erişim belirteci ile bir e-posta gönderdik."
"Web folder Owner";"Web klasörü Sahibi"
"Web space";"Web alanı"
"Webhook";"Webhook"
"Weblink";"Weblink"
"Website";"Website"
"When selecting \'Enable test API\' in a payment method, be sure to create test credentials, check the documentation of your payment method.";"Bir ödeme yönteminde \'Test API'sını Etkinleştir \' seçerken, test kimlik bilgileri oluşturduğunuzdan emin olun, ödeme yönteminizin dökümanlarını kontrol edin."
"White Label Editor";"White Label Editor"
"Who is online";"Online olan "
"Winners list";"Kazananlar listesi"
"WordPress";"WordPress"
"Wordpress";"Wordpress"
"Year";"Yıl"
"Yearly";"Yıllık"
"Yes";"Evet"
"You already have this user in your contact";"Bu kullanıcı zaten listenizde"
"You are about to delete this certificate, Are you sure ?";"Bu sertifikayı silmek istediğinize emin misiniz?"
"You are gone offline";"Çevrim dışısınız"
"You are not allowed to delete a feature!";"Bir özelliği silmek için izniniz yok!"
"You are using a custom SMTP configuration, and the following white-label administrator <b>%s</b> is requesting his domain <b>%s</b> to be white-listed.<br /><br />You can add his domain in your SMTP provider panel and send him the instructions to configure it for his domain.";"Özel bir SMTP yapılandırması kullanıyorsunuz ve aşağıdaki white-label yöneticisi <b>% s </ b>, etki alanının <b>%s </ b> için whitelist istiyor. <br /><br / > Alanını SMTP sağlayıcınızın paneline ekleyebilir ve ona alan adına göre yapılandırmak için talimatları gönderebilirsiniz."
"You can add allowed extensions, please note that .php, .js & .ico are strictly forbidden and can't be added";"İzin verilen uzantıları ekleyin lütfen unutmayın .php .js ve .ıco kesinlikle yasaktır ve bunu eklenebilir"
"You can extend JAVA & GRADLE options to better fit your server hardware.";"Daha iyi sunucu donanımınız uygun JAVA & GRADLE seçenekleri genişletebilirsiniz."
"You can follow the URL below to access your data report";"Veri erişim için aşağıdaki URL izleyebilirsiniz raporu"
"You can globally disable a feature!";"Bu özelliği k"
"You can upload a pem certificate only.";"Sadece bir pem sertifikası yükleyebilirsiniz."
"You can upload a png only (.png).";"Yalnızca png yükleyebilirsiniz. (.png)"
"You can upload a zip archive only.";"Sadece zip arşiv yüklenebilir."
"You can upload an icon only (.ico and .png).";"Sadece (.ico ve .png) yükleyebilirsiniz."
"You can upload an image only (.jpg, .jpeg, .gif and .png).";"Sadece (.jpg, .jpeg, .gif ve .png) yükleyebilirsiniz."
"You can't upload more than one file at a time.";"Bir seferde birden fazla dosya yüklenemez."
"You cannot add this feature";"Bu özelliği ekleyemezsiniz."
"You current working environment is";"Mevcut çalışma ortamıdır"
"You don't have any applications yet";"Henüz hiç uygulamanız yok"
"You don't have any invoices yet";"Henüz herhangi bir fatura yok "
"You have gone offline";"Çevrimdışı oldunuz"
"You have to chose a start and an end date.";"Bir başlama ve bitirme tarihi seçmeniz gerekiyor."
"You must be logged in to like something!";"Beğenmek için giriş yapmalısınız."
"You must be logged in to post a comment";"Yorum yazmak için giriş yapmalısınız"
"You must fill ip & port.";"Ip & port doldurmanız gerekir."
"You must first complete the current category creation process";"Öncelikle mevcut kategori oluşturma işlemini tamamlamanız gerekir."
"You must give the permission to the app to add a contact to your address book";"Adres defterinize kontak eklemek için uygulamaya izin vermelisiniz"
"You must share your location to access this page.";"Bu sayfaya ulaşmak için yerinizi paylaşmalısınız."
"You will lose all unsaved changes, continue?";"Kaydedilmemiş tüm değişiklikleri kaybedeceksiniz, devam edilsin mi?"
"Your PHP version is too old, please upgrade to PHP 5.4+.";"PHP sürümünüz çok eski, lütfen PHP 5.4+ sürümüne geçin."
"Your access token is";"Erişim belirteci olduğunu"
"Your analytics will be computed and available soon";"Analizleriniz yakında hesaplanacak ve kullanıma sunulacak"
"Your are not allowed to assign this role.";"Bu rol atamak için izin verilmez."
"Your browser is too old to view the content of our website.<br />";"Tarayıcınız sitemizin içeriğini görüntülemek için çok eski. <br />"
"Your build should be ready";"Yapı hazır olmalıdır "
"Your comment";"Yorumunuz"
"Your email address";"Email adresiniz"
"Your email address does not exist";"Email adresiniz mevcut değil"
"Your invoice has been edited successfully.";"Faturanız başarıyla düzenlenmiştir."
"Your name";"Adınız"
"Your new password has been sent to the entered email address";"Yeni şifreniz girilen e-posta adresine gönderildi"
"Your password does not match the entered password.";"Şifreler eşleşmiyor."
"Your request has been successfully sent, please wait for your administrator to answer.";"Talebiniz başarıyla gönderildi. Lütfen yöneticinizin yanıt vermesini bekleyin."
"Your subscription has been deleted successfully.";"Aboneliğiniz başarıyla silindi."
"Your subscription status has been changed successfully.";"Abonelik durumunuz başarıyla değiştirildi."
"Youtube";"Youtube"
"Zip code";"Posta kodu"
"average";"ortalama"
"be careful or set it back to";"dikkatli olun ya da ayarlamak için "
"close";"Kapat"
"confirm action, deletion, etc ...";"Silmeyi, eylemi vb onaylayın..."
"contextual, depends on module/layout";"Bğlamsal, modül/layout'a bağlı"
"day";"gün"
"days";"gün "
"disabled";"devre dışı"
"en";"tr"
"enabled";"etkin"
"form submit, search, validation, confirmation";"Forrm gönderme, arama, doğrulama, onaylama"
"hh:mm a";"ss:dd"
"high";"yüksek"
"hour";"saat"
"hours";"saat"
"iOS & Android";"iOS & Android"
"iOS Source";"iOS Kaynağı"
"iOS Spinner";"iOS Spinner"
"iOS base Bundle ID  must contain only letters, dots & minus with at least two dots.<br />Example: com.mydomain.admin";"iOS base Bundle kimliği, en az iki punto ile sadece harf, nokta ve eksi içermelidir. <br /> Örnek: com.mydomain.admin"
"iOS base Bundle ID  must contain only letters, dots & minus.";"iOS taban paketi kimliği yalnızca harfler, nokta ve eksi içermelidir."
"iOS base Bundle ID can't be empty.";"iOS base Bundle kimliği boş bırakılamaz."
"iOS only";"Yalnızca iOS"
"iPhone";"iPhone"
"iTunes";"iTunes"
"iTunes Connect providers";"iTunes sağlayıcıları Bağlayın "
"idle";"boşta"
"informative, modal";"Bilgilendirici, kipsel"
"is updated once a day";"bir kez bir gün güncellenir "
"loading";"yüklüyor"
"low";"düşük"
"maintenance";"bakım"
"minute";"dakika"
"minutes";"dakika"
"nd";"nd"
"never";"asla"
"online";"çevrimiçi"
"phone, locate, facebook, email, etc..";"Telefon, lokasyon, facebook, e-posta, vb"
"picture";"resim"
"posts";"mesaj"
"remaining characters";"kalan karakterler"
"second";"saniye"
"seconds";"saniye"
"this feature is globally disabled!";"Bu özellik global olarak devre dışı bırakıldı!"
"title";"başlık"
"titles";"başlıklar"
"to add a folder.";"başka bir klasöre eklemek için."
"to add a subfolder.";"Bir alt klasör eklemek için."
"twitter";"heyecan"
"unreachable";"ulaşılamaz"
