"All";"Tümü"
"Arts";"Sanat"
"Choose a template to customize";"Özelleştirmek için bir şablon seçin"
"City";"Şehir"
"Corporate";"Kurumsal"
"Design";"Tasarım"
"Education";"Eğitim"
"Entertainment";"Eğlence"
"Fashion";"Moda"
"Health & Beauty";"Sağlık & Güzellik"
"Hotels";"Otel"
"List of your categories";"Kategorilerinizin listesi"
"Local Business";"Yerel İşletme"
"Music";"Müzik"
"Organizations";"Organizasyonlar"
"Real Estate";"Gayrimenkul"
"Sports";"Spor"
"TEMPLATES";"ŞABLONLAR"
"Templates";"Şablonlar"
