"Are you sure you want to close without saving?";"Kaydetmeden kapatmak istediğinizden emin misiniz?"
"Are you sure you want to delete this category and all its subcategories?";"Bu kategoriyi ve alt kategorilerini silmek istediğinizden emin misiniz?"
"Description";"Açıklama"
"Description successfully saved.";"Açıklama başarıyla kaydedildi."
"Manage Topics";"Konuları yönet"
"No topics for now.";"Şimdilik konu yok."
"Page description";"Sayfa açıklaması"
"Save";"Kaydet"
"Subscribe";"Abone ol"
