"Backoffice User-Style CSS Editor";"Back Office Kullanıcı Tarzı CSS Editörü"
"Click here for Sample Documentation";"Burada Örnek Belgeler için tıklayın "
"Documentation";"Belgeleri"
"Front-end User-Style CSS Editor";"Ön-son Kullanıcı Tarzı CSS Editörü"
"This is your user-style.css Editor CSS File!";"Bu kullanım tarzı.css Düzenleyicisi CSS Dosyası!"
"You can add custom CSS to your platform, note this will affect all the Editor, including your Whitelabels";"Platform için özel CSS ekleyebilirsiniz, bu tüm Düzenleyici etkiler not Whitelabels dahil "
