{
    "name": "Wallet",
    "code": "wallet",
    "version": "1.0.1",
    "category": "integration",
    "model": "Wallet_Model_Wallet",
    "desktop_uri": "wallet/application/",
    "routes": [
        {
            "root": true,
            "state": "wallet-view",
            "controller": "WalletViewController",
            "url": "wallet/mobile_view/index/value_id/:value_id",
            "template": "view.html",
            "layouts": {
                "1": "l1"
            },
            "cache": false
        }
    ],
    "layouts": [
        1
    ],
    "icons": [
        "icons/wallet-1.png"
	],
    "files": [
        "js/controllers/wallet-main.js",
        "js/factory/wallet.js",
        "scss/wallet.scss"
    ],
    "compile": true,
    "use_account": true,
    "only_once": true
}
